,type,topic,post
0,ENFP,book,"I absolutely love diving into a good book and getting lost in its world. The characters, the setting, and the story all come together to create an immersive experience. One of my favorites is ""The Alchemist"" by Paulo Coelho. Its message of following your dreams and pursuing your passions really resonated with me."
1,ENFP,parties,"As an ENFP, I thrive in social situations, especially parties! I love meeting new people, dancing, and trying new foods. But for me, it's not just about the surface-level interactions; I want to really get to know the people I'm with and form meaningful connections."
2,ENFP,love,"Love is one of the most important things to me as an ENFP. I feel everything so deeply, and that extends to romantic relationships. I want someone who's emotionally honest, adventurous, and always up for a good laugh. Being in love makes every moment feel brighter."
3,ENFP,parties,"As an ENFP, there's nothing I love more than a good party. I thrive in social situations, surrounded by people I can talk to and connect with. I love getting to know new people and trying new things, and a party is the perfect place to do that!"
4,ENFP,book,"Books are my escape from reality. I love being transported to different worlds, experiencing different perspectives, and getting lost in the author's words. One of my favorite books is ""The Catcher in the Rye"" by J.D. Salinger--I relate to Holden's struggles with growing up and figuring out who he is."
5,ENFP,movies,"As an ENFP, movies are a way for me to experience new stories and connect with characters. I enjoy a wide variety of genres, but some of my favorites include romantic comedies and coming-of-age stories. ""La La Land"" is a recent favorite--the music, the cinematography, the romance--I was hooked from the first scene!"
6,ENFP,love,"Love is so important to me as an ENFP. I put so much of myself into my relationships--my emotions, my energy, my time. But it's all worth it when I find someone who truly understands me and supports me. I'm always looking for that deep connection that makes life feel like it's worth living."
7,ENFP,love,"As an ENFP, I'm a lover of love. I'm always looking for connections with people, seeking out new experiences and trying to find that spark that makes life feel alive. I believe in true love and giving everything I have to the people I love."
8,ENFP,book,"Books are an essential part of my life as an ENFP. They allow me to explore different worlds, experience different characters, and learn new things. ""The Little Prince"" by Antoine de Saint-Exupéry is a book that has always stuck with me--it's a beautiful story about love, loss, and the importance of connection."
9,ENFP,cinema,"As an ENFP, I love movies that transport me to different worlds and give me new perspectives on life. Some of my favorites include ""Eternal Sunshine of the Spotless Mind,"" ""500 Days of Summer,"" and ""Moonrise Kingdom."" The themes of love, growth, and self-discovery always hit close to home."
10,ENFP,depression,"Depression is often a difficult topic to talk about. As an ENFP, I believe that by opening up and sharing your thoughts with others, it can help lighten the burden. Remember that it's okay to not be okay, and seeking help is a brave step towards healing."
11,ENFP,love,"As an ENFP, love is such a beautiful thing to experience. Whether it's the love you have for your family, friends or significant other, it's important to cherish and value every moment of it. Remember that love is not just a feeling, it's a choice. Choose to love and be loved in return."
12,ENFP,love,"As an ENFP, love is not just about falling head over heels for someone. Love is about being there for someone in their best moments as well as their worst. It's about growing together, accepting each other for who they are and choosing to work through any challenges that come your way."
13,ENFP,love,"As an ENFP, I believe that love is not just about finding someone who complements your personality, it's also about finding someone who challenges you, inspires you, and makes you want to become a better version of yourself. Love is about embracing the uniqueness of every person and learning to grow with them."
14,ENFP,parties,"As an ENFP, I love parties! The energy, the music, the dancing, it's all so exciting and fun. But as much as I love parties, I also believe that it's important to set limits and be responsible. You can have fun without going overboard."
15,ENFP,parties,"As an ENFP, I thrive in social situations, and parties are no exception. I love meeting new people, trying new foods, and experiencing new things. The key to enjoying parties is to stay balanced and remember to focus on the people around you rather than just the festivities."
16,ENFP,love,"As an ENFP, I believe that love is not just about being right or wrong. It's about opening up and communicating with your partner. You should be able to share your thoughts and feelings without fearing judgement or anger. In a healthy relationship, both parties should be respected and heard."
17,ENFP,parties,"As an ENFP, I love throwing parties that everyone can enjoy. Celebrating life and having fun with friends is one of the best experiences. A good party is not just about the decorations or drinks but also about creating an amazing atmosphere that brings people together."
18,ENFP,depression,"As an ENFP, I know that everyone experiences ups and downs in their life. Depression is a difficult experience but it's important to remember that you are not alone. Seek out help and support from loved ones, and remember that it's okay to take things day by day."
19,ENFP,movies,"As an ENFP, I absolutely love movies! Whether it's a heartwarming rom-com or an action-packed thriller, movies have the power to transport us to different worlds and evoke a wide range of emotions. Watching movies with loved ones is one of the best feelings in the world."
20,ENFJ,movies,"""I absolutely adore movies, they have the power to take you on a journey and make you feel emotions you never knew existed. From romantic comedies to thrillers, the options are endless. I especially love movies that have a powerful message, something that leaves you thinking long after the credits roll."""
21,ENFJ,cinema,"""Cinema has always fascinated me, the way a story can come to life on the big screen is truly mesmerizing. It's more than just a movie, it's an experience. From the moment you walk into the theater, it's like stepping into another world, one where anything is possible."""
22,ENFJ,depression,"""Depression is a serious mental illness that affects millions of people. It's important to seek help when you're feeling down. Talking to someone you trust or seeking professional help can make all the difference. Remember that you're not alone, and there is always hope for a brighter future."""
23,ENFJ,cinema,"""Cinema is a great way to bring people together. I love going to the movies with friends and family, it's a shared experience that allows us to connect on a deeper level. Watching a comedy and laughing together or getting scared during a horror film, those are the moments we remember and cherish."""
24,ENFJ,book,"""Books have the power to transport us to another place and time, to make us feel things we never thought possible. I love getting lost in a good book, it's like stepping into another world entirely. And the best part is, you can experience it over and over again."""
25,ENFJ,book,"""As an avid reader, I can confirm that books are not only a great source of knowledge, but they're also great for developing empathy. When you immerse yourself in a well-written book, you learn to see things from different perspectives, empathize with people unlike yourself, and ultimately become a better person."""
26,ENFJ,movies,"""Movies are a universal language, a form of art that transcends cultural and linguistic boundaries. They have the power to evoke emotions and create a connection with viewers that is unique and personal. I love watching movies that make me think, challenge my beliefs and broaden my perspective."""
27,ENFJ,book,"""I have always been a bookworm, ever since I was a child. There's just something magical about the world of books that has always fascinated me. I love how every book takes you on a new adventure, introduces you to new characters and leaves you feeling fulfilled in the end."""
28,ENFJ,parties,"""Parties are a great way to bring people together and celebrate life. I love planning events and finding creative ways to ensure everyone has a good time. Whether it's a birthday party or a casual get-together, there's nothing quite like the feeling of bringing joy to others."""
29,ENFJ,parties,"""Parties are all about creating an atmosphere where people can enjoy themselves and connect on a deeper level. Whether it's through music, games, or other activities, it's important to foster a sense of inclusion and unity so that everyone feels welcome and valued. That's what makes a great party!"""
30,ENFJ,parties,"As an ENFJ, I tend to thrive in social settings, especially parties. I enjoy the energy and excitement they bring, and the opportunity to connect with new people. However, I do have to remind myself to step back and let others shine, as my natural charm can sometimes be overwhelming."
31,ENFJ,parties,"When it comes to parties, as an ENFJ, I like to plan everything out to ensure that everyone is comfortable and having a good time. I take into consideration everyone’s preferences and try to create an atmosphere of warmth and inclusivity. So, thank you, party planning advice is always appreciated."
32,ENFJ,movies,"As an ENFJ, I enjoy watching movies that have strong characters and complex storylines. I find myself fully invested in the emotions and experiences of the on-screen characters, and I am often moved to tears during particularly poignant scenes. It’s a small way to connect with something bigger than myself."
33,ENFJ,depression,"As an ENFJ, I am acutely aware of the emotional states of those around me. When I see a loved one struggling with depression, it breaks my heart and I want to do everything in my power to help them feel better. I believe in the power of love and support to help those who are struggling find peace and happiness."
34,ENFJ,cinema,"As an ENFJ, I appreciate cinema as a form of artistic expression that can evoke emotions and tell stories in unique ways. I enjoy watching a wide range of films, from indie dramas to big-budget blockbusters, and I always try to keep an open mind and appreciate the different nuances and perspectives that cinema can offer."
35,ENFJ,book,"As an ENFJ, I find great joy in reading books that offer insight into the human experience. Whether fiction or non-fiction, a well-written book has the power to transport the reader to new worlds and offer new perspectives on life. I love pondering the themes and messages of a book long after I’ve finished reading it."
36,ENFJ,book,"As an ENFJ, I consider books to be my constant companions and teachers. Through reading, I have learned so much about the world and about myself, and I am always eager to discover new books that challenge my thinking and broaden my horizons."
37,ENFJ,movies,"As an ENFJ, I believe that movies have the power to connect people and promote empathy and understanding. I am drawn to movies that depict human struggles and triumphs and offer glimpses into different cultures and ways of life. I enjoy discussing movies with others and love the way they can bring people together."
38,ENFJ,book,"As an ENFJ, I love immersing myself in books that explore the complexities of the human experience. I am constantly inspired by the bravery and resilience of the characters I encounter in literature, and I find solace and comfort in the wisdom and insight that books can offer."
39,ENFJ,book,"As an ENFJ, I consider books to be my most cherished possessions. A well-written book has the power to awaken empathy, expand imagination, and cultivate wisdom. I believe in the transformative power of literature and the ways in which it can shape our worldviews and our lives."
40,ESTJ,love,"I believe that love is all about loyalty and responsibility. ESTJs seek stable and long-term relationships. They have a practical approach to love and believe in being committed. For them, love is not just about superficial attraction, but about building a life with someone who shares common values and goals."
41,ESTJ,parties,"I enjoy attending parties and social gatherings as they allow me to connect with others and network. However, as an ESTJ, I tend to focus more on the organization of the event rather than indulging in the frivolities. I enjoy creating itineraries and ensuring everyone is on schedule and having a good time."
42,ESTJ,love,"As an ESTJ, I believe that love should be cultivated and nurtured over time. For me, actions speak louder than words, and I prefer to show my love through acts of service and loyalty. I believe in clear communication and setting realistic expectations in a relationship."
43,ESTJ,movies,"As an ESTJ, I enjoy watching movies that are educational and inspirational. Documentaries and biopics are some of my favorites as they provide me with a window into someone's life or experience. I also enjoy action and adventure films as they fulfill my desire for thrill-seeking."
44,ESTJ,movies,"As an ESTJ, I am very selective about the movies I watch. I prefer movies that are informative, engaging, and have a clear message. I also like movies that teach me something new or challenge my beliefs. Watching movies is a way for me to unwind after a long day while also learning something new."
45,ESTJ,parties,"As an ESTJ, I am not particularly fond of spontaneous parties or last-minute plans. I prefer to be informed well in advance so that I can make appropriate arrangements and plan accordingly. When I do attend parties, I enjoy hosting them and ensuring that everyone has a good time."
46,ESTJ,depression,"As an ESTJ, I tend to approach depression from a rational perspective. I believe in identifying the root cause of the problem and then working towards a solution. I do not hesitate to seek professional help or support from my loved ones if needed. I believe that taking action is the key to overcoming depression."
47,ESTJ,cinema,"As an ESTJ, I enjoy watching movies that are informative and have a clear message. I prefer movies that challenge my beliefs or teach me something new. Documentaries, biopics, and historical dramas are some of my favorite genres as they provide me with a window into someone's life or experience."
48,ESTJ,depression,"As an ESTJ, I tend to be proactive when dealing with depression. I believe that overcoming depression requires taking action and working towards a solution. I take a practical approach to dealing with my emotions and am not afraid to seek professional help or support from loved ones to help me through difficult times."
49,ESTJ,parties,"As an ESTJ, I tend to prefer organized parties over spontaneous ones. I enjoy hosting events and ensuring that everyone has a good time. I take great pleasure in planning the menu, guest list, and entertainment to create a fun and memorable experience for everyone."
50,ESTJ,parties,"I take party planning very seriously. Everything from the theme, guest list, and food must be perfect. As an ESTJ, expectations are high, but the end result is always worth it."
51,ESTJ,book,"I've read countless books on leadership, problem-solving, and organization strategies to improve myself. As an ESTJ, knowledge is power and the more I can learn, the better I can perform. Learning from the best authors in each field has helped me excel in both my personal and career life."
52,ESTJ,parties,"Parties are a great way to bring people together and build strong relationships. As an ESTJ, I ensure every detail is meticulously planned to prevent any potential issues. From food to music, everything has to be perfect, because success is built on preparation."
53,ESTJ,cinema,"Cinema is not just entertainment. It's an escape from reality that allows us to learn about the world and ourselves through different perspectives. As an ESTJ, I tend to gravitate towards documentaries and biopics, as I enjoy learning about real-life stories and experiences."
54,ESTJ,depression,"Depression is a condition that should not be taken lightly, and it's important to reach out for help when needed. As an ESTJ, I recognize the importance of taking care of my mental health and well-being to be able to perform at my best."
55,ESTJ,book,"Reading books isn't just a hobby for me, it's a way to improve my knowledge and skills. As an ESTJ, I am drawn to non-fiction books that offer practical tips and tools to implement in my daily life and become a better version of myself."
56,ESTJ,parties,"When it comes to planning parties, attention to detail is key. As an ESTJ, I am always prepared for anything that may go wrong during the event, and I have backup plans for backup plans. This ensures the success of the party and the satisfaction of all the attendees."
57,ESTJ,cinema,"When it comes to films, I have my preferences. As an ESTJ, I appreciate a movie with strong character development and a meaningful storyline. Although action films can be enjoyable, films with deep, relatable themes and lessons appeal to me more and can leave a lasting impact."
58,ESTJ,cinema,"When I watch films, I tend to analyze them from all angles. As an ESTJ, I enjoy studying the character development, story arc, and themes of a movie to see how it all comes together. It's not just about being entertained, but also learning from the experiences portrayed on screen."
59,ESTJ,love,"As an ESTJ, I believe that love is a vital part of a fulfilling life. While it's easy to get caught up in the romanticized version of love portrayed in media, I understand that it takes hard work, commitment, and a willingness to work through challenges to develop a lasting, meaningful connection with someone."
60,ESFJ,movies,"I always love watching movies, especially with my friends and family. It's a great way to connect with each other and escape from reality for a little while. There are so many different genres to explore and something for everyone to enjoy. It's always exciting to discover new movies and find new favorites."
61,ESFJ,love,"I believe that love is the most important thing in the world. It's what connects us to others and brings so much joy and fulfillment to our lives. Whether it's the love between family, friends, or significant others, it's something that should never be taken for granted."
62,ESFJ,book,"I enjoy reading books that allow me to escape into a different world and experience new things. Whether it's a thrilling adventure, a heartwarming romance, or an informative non-fiction, books always have a way of capturing my attention and inspiring me to learn and grow as a person."
63,ESFJ,book,I always appreciate a good book that teaches me something new about the world or exposes me to different perspectives and experiences. One of my favorite things about reading is being able to broaden my horizons and learn about things I may not have been aware of before.
64,ESFJ,cinema,"I love going to the cinema with my friends or family to sit back and enjoy some of the latest blockbuster films. The atmosphere of the theater and being surrounded by a large crowd really adds to the experience, and I always look forward to discovering new movie favorites that I can share with others."
65,ESFJ,movies,"I enjoy the way movies can transport me to a different world and allow me to immerse myself in different cultures, eras, and perspectives. Movies have the power to evoke a range of emotions within me, from laughter to tears, and I'm always amazed by the talent of the actors and filmmakers involved."
66,ESFJ,cinema,"Going to the cinema is one of my all-time favorite activities to do with others. Whether it's the smell of fresh popcorn or the excitement of watching a long-awaited film, the entire experience is one that I always look forward to. I enjoy everything from the drama and romance to the action and suspense of the movies."
67,ESFJ,depression,"Depression is a serious condition that affects many people, and it's important to seek help if you or someone you know is struggling with it. It's okay to ask for support and take the time to care for yourself, and there are many resources available to help you through difficult times."
68,ESFJ,book,"I always enjoy reading books that challenge me and help me see different perspectives on the world. Some of my favorites include classics like Jane Austen's Pride and Prejudice, but I also love discovering new authors and genres that inspire me to learn and grow as a person."
69,ESFJ,movies,"I love how movies have the ability to make me feel a wide range of emotions, from laughter to sadness and everything in between. Movies have a way of connecting us to the stories and characters, and I always enjoy discovering new favorites that I can share with others."
70,ESFJ,love,"As an ESFJ, loving others comes naturally to me. The fulfillment I get from connecting with those around me surpasses anything else. I thrive on the love others give to me and the love I can give in return. It's a continuous cycle that keeps me going and brings me happiness."
71,ESFJ,depression,"Depression can be a very difficult illness to deal with. As an ESFJ, I find it challenging to understand and connect with those who suffer from it. However, I know that it's important to support and encourage them in whatever way I can, even if it's just by being there to lend an ear or a shoulder to cry on."
72,ESFJ,love,"As an ESFJ, I put a lot of importance on expressing love to those around me. Whether it's through small gestures like preparing a favorite meal or by offering a listening ear during difficult times. Expressing love in small ways can add up over time and make all the difference in a relationship."
73,ESFJ,movies,"As an ESFJ, I love movies that evoke emotions in me and make me feel connected to the characters. I enjoy rom-coms and dramas that have a happy ending. Watching a feel-good movie is one of my favorite ways to spend a night in with friends or family."
74,ESFJ,book,"As an ESFJ, I love reading books that have relatable characters that I can connect with. I enjoy a good romance or a heartwarming story that leaves me feeling happy and fulfilled. Books that have a happy ending and make me feel like I learned something valuable are my favorites."
75,ESFJ,movies,"As an ESFJ, movies are a great way for me to connect with people and hear their stories. I enjoy watching films that make me feel good and leave me with a positive message. Whether I'm watching alone or with friends, movies are a great way for me to unwind and relax."
76,ESFJ,cinema,"As an ESFJ, I love going to the cinema with friends and family. It's a great way to bond and experience something together. I enjoy watching movies that have positive messages and make me feel good. Going to the cinema is one of my favorite ways to unwind and relax."
77,ESFJ,cinema,"As an ESFJ, going to the cinema is an exciting event for me. From choosing the movie with friends and family to buying popcorn and other snacks, I find myself enjoying every part of the process. Cinema is a way for me to relax and enjoy time with those that I care about."
78,ESFJ,book,"As an ESFJ, I love reading books that allow me to get lost in a story and connect with the characters. I enjoy a variety of genres, but tend to lean towards romances and heartwarming stories. A good book can be a great escape from reality and a way to unwind after a long day."
79,ESFJ,parties,"As an ESFJ, throwing parties and getting together with friends and family is something that I really enjoy. I love putting together the details of a party and making sure that everyone is having a good time. Hosting is a way for me to show my love and appreciation for the people in my life."
80,ESTP,book,"I love exploring new topics and ideas. For me, a book should be engaging and fascinating. It must take me on an adventure, make me feel emotions, and teach something new. If a book doesn't do any of that, it's not worth my time."
81,ESTP,movies,"Movies, to me, are about the experience. The sound effects, the visuals, the cinematography -- they all contribute to the magic. Watching a movie is like being transported to another world. A great movie has to keep me on the edge of my seat and excite all my senses."
82,ESTP,cinema,"Cinema is an opportunity to escape reality and enjoy life's pleasures. I love watching movies that make me laugh, or feel excited, or even a little scared. When the story takes me on an emotional journey, it creates an unforgettable experience."
83,ESTP,movies,"For me, movies are all about the energy. I love action, adventure, and thrillers. However, I also appreciate a good comedy or drama. A movie that can make me laugh, forget my worries, or even learn something new is a movie worth watching."
84,ESTP,cinema,"Going to the cinema is one of life's greatest pleasures. It's about the anticipation, the excitement, and the feeling of being fully immersed in a good movie. I love the sounds, the popcorn, and the atmosphere of a cinema. It's unbeatable."
85,ESTP,depression,"Depression is a tough battle. Whenever I feel low, I try to focus on the things that make me happy. Whether it's going for a walk, watching a funny movie, or hanging out with friends, I try to create moments of joy. It's not always easy, but it's worth it."
86,ESTP,book,"Books are magical portals to other dimensions. I love the way words can paint images in my mind and take me on an adventure. Reading a good book is like stepping into someone else's reality. And when I finish reading, I feel like I've learned something new."
87,ESTP,movies,"I love the way movies can transport me to another world. Whether it's an alien planet or a pirate ship, the magic of cinema is unbeatable. And when I'm watching a good movie I don't even notice the time passing. It's pure bliss."
88,ESTP,cinema,"Going to the cinema is one of my favourite pastimes. There's nothing quite like watching an epic battle scene or a romantic twist play out on the big screen. And with the latest technology, it's almost like being there yourself. Going to the cinema is pure entertainment."
89,ESTP,book,"I prefer books that tell an exciting story with unexpected twists and turns. A book that can surprise me is a book worth reading. Whether it's a thriller or a mystery novel, I want to be on the edge of my seat and wondering what's going to happen next."
90,ESTP,love,"Love is exciting! I enjoy the rush of meeting someone new, learning their quirks and exploring their world. But when the honeymoon phase is over, it's time to reassess. Is it worth the work or move on? ESTPs don't waste time with what doesn't work."
91,ESTP,parties,"Parties are what life's all about! The excitement of meeting new people, the rush of the music and the feeling of letting your hair down. As an ESTP, I thrive in these environments, taking the opportunity to charm and impress everyone around me. Being the life of the party is kind of my thing."
92,ESTP,book,"I'm not really a book person. I mean, they can be interesting and all, but I'd much rather be out there experiencing things for myself. I guess you could say I'm more of a doer than a reader. But hey, to each their own, right?"
93,ESTP,cinema,"I love going to the cinema! Grabbing a bucket of popcorn, sitting in the dark, and getting immersed in a good movie is the perfect way for me to unwind. Plus, it's a great way to take a break from the real world and just enjoy some good entertainment."
94,ESTP,cinema,"Watching movies at home can be fun, but it doesn't compare to the big screen experience. The energy, the sound, the feeling of being part of a crowd all reacting to the same thing... it's unbeatable! As an ESTP, I love being fully immersed in the action and drama of film."
95,ESTP,cinema,"Cinemas are a great way to socialize! It's a perfect environment to meet new people, maybe even make some new friends. Between the shared experience of the movie itself and the natural buzz of excitement that comes with being there, it's a prime place to expand your social circle."
96,ESTP,depression,error
97,ESTP,parties,"Parties are always a good time! I mean, what's not to like about hanging out with friends, listening to music, and just enjoying yourself? But it's important to be ready for anything, too. As an ESTP, I never know what the night might hold, but that's part of the fun, right?"
98,ESTP,parties,"Parties are what I do best! I love being in the middle of the action, making everyone laugh and generally just living my best life. Whether it's a small gathering or a big blowout, I'm always up for a good time!"
99,ESTP,love,"Love can be tough. As an ESTP, I don't always know what I'm looking for, but when I find it, I know. It's not about overthinking things or trying to plan for every possibility, it's about following my heart and trusting my instincts."
100,ESFP,book,"As an ESFP, I enjoy activities that are exciting and interactive. Reading books is usually not my go-to, unless it's a thrilling novel that engages me. However, I do appreciate a good book that can transport me to another world and spark my imagination."
101,ESFP,movies,"For me, watching movies is a fun activity to do with friends or family. I love comedies and action-packed movies that get my adrenaline pumping. However, I'm not a fan of horror movies or anything too slow-paced. A good movie should be entertaining and leave me feeling happy."
102,ESFP,depression,"As someone who values fun and excitement, I can struggle when it comes to dealing with depression. It can be hard to find motivation to do the things I normally enjoy. However, talking to friends and family, seeking professional help, and finding ways to stay active can all be beneficial in managing depression."
103,ESFP,love,"As an ESFP, I tend to wear my heart on my sleeve, and love is no exception. For me, love is about feeling a deep connection and having fun together. I tend to be drawn to people who are outgoing, kind, and share similar interests. When I'm in love, I feel alive and excited for what the future holds."
104,ESFP,parties,"As an ESFP, parties are right up my alley. I love getting dressed up, dancing, and being in the center of all the action. I have a knack for connecting with people, and parties provide the perfect opportunity to meet new people and have fun."
105,ESFP,book,"As an ESFP, I have to admit that reading books isn't my favorite pastime. I prefer activities that are more interactive and engaging. However, I do appreciate a good book that can transport me to another world and inspire my imagination. Ultimately, it's all about finding the right book for me!"
106,ESFP,cinema,"As an ESFP, going to the cinema is a fun activity I enjoy doing with friends or family. I like to watch comedies or action-packed movies that get my adrenaline pumping. The big screen and surround sound make the experience feel more immersive and exciting. Overall, it's a great way to spend an afternoon or evening!"
107,ESFP,love,"As an ESFP, love is something that's important to me. I am a very affectionate person, and I connect well with people who are kind and outgoing. I believe in taking risks and putting myself out there to find love. Whether it's through a chance encounter or a long-term relationship, love is something that makes life worth living."
108,ESFP,book,"As an ESFP, I'm not the biggest reader, but I do enjoy finding a good book every now and then. Typically, I'm drawn to books that have action, romance, or comedy. I love books that have vibrant characters and stories that take me to different places and times. There's nothing better than getting lost in a good book!"
109,ESFP,cinema,"As an ESFP, going to the cinema is a great way to spend time with friends or family. I love the big screen, surround sound, and the excitement of watching a movie in a theater. My favorite movies are usually action-packed or comedies that get me laughing and feeling good. All in all, a trip to the cinema is a fantastic experience."
110,ESFP,parties,"I love a good party, there's nothing like being surrounded by people, great music, dancing, and lots of laughter. ESFPs thrive in social settings, and we're always the life of the party. It's important to let loose and have fun every once in a while, and parties are the perfect way to do so."
111,ESFP,movies,"Movies are one of my favorite ways to escape reality for a couple of hours. As an ESFP, I love movies that are entertaining and light-hearted, something with a good laugh or two. Whether it's a comedy, romance, or action flick, movies are a great way to unwind and enjoy some downtime."
112,ESFP,parties,"Parties are my thing! As an ESFP, I live for the high energy, social atmosphere that a great party can create. It's all about the music, good company, and an upbeat vibe. Whether it's a large gathering or an intimate get-together, I'm always excited to be there and have a good time."
113,ESFP,love,"As an ESFP, I'm a true romantic at heart. Love is one of the most beautiful things in the world, and I'm always excited to explore and experience it in its many forms. From crushes and infatuations to deep, long-lasting relationships, the journey of love is something that truly excites me."
114,ESFP,movies,"I love movies with a good storyline and relatable characters. As an ESFP, I tend to enjoy films that are entertaining and engaging from start to finish. I'm all for drama and romance, and I'm a fan of actors who can deliver memorable performances that stay with you long after the credits roll."
115,ESFP,parties,"Being the life of the party is a part of being an ESFP. I love to socialize and meet new people, and parties are the perfect way to do it. I'm all about lights, music, and dance at a party, and I'm always up for a good time."
116,ESFP,depression,"As an ESFP, I tend to struggle when facing depression. It's not something I deal with very easily, and I often find myself needing to be around people to help me through it. Engaging in social activities and surrounding myself with positive energy is one of the ways I try to cope with those tough times."
117,ESFP,love,"As an ESFP, I'm very passionate when it comes to love. It's not uncommon for me to wear my heart on my sleeve, and I'm always looking for meaningful connections with others. I enjoy the excitement of flirting and the anticipation of a good date, and I'm all about those butterflies that come along with a new romantic interest."
118,ESFP,depression,"Depression can be challenging for ESFPs like myself. I tend to feel restless and struggle with staying in one place when I'm struggling with depressive thoughts. But focusing on my hobbies, dancing or being with loved ones can help me manage those feelings and bring joy back into my life."
119,ESFP,movies,"I love watching movies that make me feel something. As an ESFP, I'm drawn to films that have great music, lots of action, and memorable moments. Whether I'm watching a classic romance or an action-packed adventure, I get lost in the story and come away feeling inspired and energized."
120,ENTJ,movies,"Movies can be a great tool for learning about leadership and strategy. My favorite is The Godfather, where Vito Corleone builds a powerful empire through smart decision-making and loyalty. It's a classic example of successful manipulation and calculated risk-taking."
121,ENTJ,cinema,Cinema is an art form that can be analyzed and interpreted in many ways. I appreciate films that challenge my thinking and offer insightful commentary on society. Parasite and The Social Dilemma are recent examples that made me question norms and systems we accept as reality.
122,ENTJ,depression,"Depression is a complex mental health issue that requires proper treatment and support. As an ENTJ, I often push myself and those around me to be the best they can be, but I remind myself that mental health should always come first and seeking help is a sign of strength."
123,ENTJ,cinema,"In cinema, villains can be some of the most intriguing characters. They often have an unapologetic confidence and a willingness to take risks that I find admirable. Hannibal Lecter in The Silence of the Lambs and Joker in The Dark Knight are two captivating examples that come to mind."
124,ENTJ,cinema,"Cinema has the power to inspire and unite people for a common cause or message. I appreciate films that challenge social norms and question authority, such as V for Vendetta and The Battle of Algiers. They remind us of the importance of fighting for justice and standing up against oppression."
125,ENTJ,love,"When it comes to love, I am very selective and choose partners who are equally ambitious and driven as I am. I believe in supporting each other's goals and having a healthy balance of independence and togetherness. Communication and mutual respect are key to a successful relationship."
126,ENTJ,parties,"Parties can be a great opportunity to network and meet new people, but as an ENTJ, I prefer more intimate get-togethers with like-minded individuals. I value deep, meaningful conversations over small talk and prefer to spend my time building connections that will last beyond just one night."
127,ENTJ,movies,Movies are a great tool for personal development and self-reflection. I enjoy films that challenge my perspective and make me think critically about my own behavior and worldview. American Psycho and Fight Club are two examples that had a profound impact on my own self-improvement journey.
128,ENTJ,love,"When it comes to love, I prioritize intellectual and emotional compatibility over physical attraction. I need a partner who can keep up with me intellectually and challenge me to grow, but who also respects my need for independence. Mutual trust and support are crucial for a lasting relationship."
129,ENTJ,parties,"As an ENTJ, I am very particular about the parties I attend. I prefer smaller, more focused gatherings where discussions can revolve around a specific topic or interest. A well-planned and organized event with a clear agenda can make all the difference in maximizing productivity and enjoyment."
130,ENTJ,book,"In my opinion, a good book is not just a page-turner, but also something that can teach you important lessons about life. I enjoy reading biographies and self-help books to expand my knowledge and personal growth. It's important to read widely and challenge yourself intellectually."
131,ENTJ,cinema,"I enjoy going to the cinema to see action-packed and thought-provoking films. I like directors who take risks and push boundaries. Investing time in a well-crafted movie is worth it to me, and I appreciate the power of storytelling and visual art."
132,ENTJ,parties,"When it comes to parties, I tend to be the planner and organizer. I enjoy throwing well-crafted events with good food and entertainment. While it can be exhausting, I find satisfaction in seeing a well-executed event and the joy it brings to the attendees."
133,ENTJ,cinema,"I value films that challenge the viewer and immerse them in worlds unlike their own. Whether it be documentaries or character-driven dramas, the powerful stories that cinema can tell are what draws me in. I appreciate directors who take risks and push boundaries, resulting in unforgettable cinematic experiences."
134,ENTJ,book,"I find that books can be great tools for personal growth and development. I enjoy reading memoirs and self-help books, as well as nonfiction works about cultures and societies unlike my own. In addition, reading literature from different time periods and genres helps me expand my understanding of the world."
135,ENTJ,book,"I believe that books are important for self-improvement and expanding one's knowledge base. While I enjoy reading for pleasure, I also prioritize reading nonfiction works about topics that interest me. Books give me new ideas and enable me to think critically about issues that impact my life."
136,ENTJ,love,"I believe that love is a beautiful and powerful emotion. However, I am also realistic about relationships and do not let my emotions cloud my judgment. I think it's important to find someone who shares your values and goals, and to communicate clearly and honestly in order to build a strong partnership."
137,ENTJ,love,"Love is a complex emotion that can ignite passion and inspire growth. As someone who values logical thinking, I understand that love can also be irrational. Despite this, the power of love is undeniable, and it can be a force for positive change if managed carefully."
138,ENTJ,book,"I love books that challenge me to think differently and expand my understanding of the world. One of my favorite genres is historical fiction, as it blends research with creativity to create a vivid and compelling narrative. I also enjoy reading biographies to gain insight into the lives of remarkable people."
139,ENTJ,love,"Love is a powerful emotion that can spur personal growth and inspire positivity. However, it's important not to let it cloud one's judgment or become overly reliant on it. A successful romantic partnership requires mutual respect, good communication, and an understanding of shared values and goals."
140,ENTP,depression,"This world can be so monotonous and routine, that it can really bring us down. But I've discovered that sometimes, it's the smallest things that can make a big difference. Whether it's getting out of the house for a little bit, talking to a friend, or even just watching a funny video, finding those little moments of joy can help combat the struggles of depression."
141,ENTP,movies,"I am a huge movie buff, and I love analyzing films from every angle. Whether it's the themes, the cinematography, or the performances, there's always something to appreciate. And of course, I can't forget about the fun of debating with friends about the best films of all time."
142,ENTP,love,"Ah, love - one of the most complex and confusing emotions out there. It's fascinating to think about how we can feel such intense emotions towards another person, and yet still struggle to fully understand them. But hey, that's just one of the many mysteries of the human experience."
143,ENTP,book,"I love books that challenge my perspective - whether it's a complex philosophical tome or a lighthearted novel with an unexpected twist. There's something magical about being transported to another world through the written word, and discovering the nuances and complexities of the human experience along the way."
144,ENTP,love,"Love can be tricky to navigate, especially when it comes to balancing our own desires and needs with those of the person we care about. It's important to find a healthy balance that allows us to be true to ourselves while also showing consideration and affection for our partner. Easier said than done, though!"
145,ENTP,cinema,"Cinema is one of my favorite art forms. It's amazing how a film can transport us to a different time, place, or perspective - and all within the span of a couple hours! I love analyzing the different elements of a movie, from the cinematography to the acting to the themes explored."
146,ENTP,book,"There's something about getting lost in a good book that just can't be beaten. I love stories that challenge my thinking and expand my horizons, and books are the perfect medium to do just that. From epic sagas to short stories, the world of literature has something for everyone."
147,ENTP,love,"Love is a complex, multifaceted emotion that often defies our understanding. And yet, we are drawn to it again and again, seeking connection and fulfillment in our relationships. Whether it's the rush of a new crush or the comfort of a long-term partnership, there's no denying the powerful impact of love on our lives."
148,ENTP,book,"Books are like little worlds unto themselves, offering readers a glimpse into other times, places, and perspectives. As an ENTP, I love diving into books and exploring the mysteries and complexities of the human experience. From fiction to nonfiction, there's always something new to discover between the pages of a good book."
149,ENTP,movies,"One of my favorite things to do is watch movies, whether by myself or with friends. I love analyzing the different elements of the film, from the script to the cinematography to the acting. And of course, there's always the fun of debating with others about the best movies of all time!"
150,ENTP,depression,"As an ENTP, I tend to look at things from a logical standpoint. When it comes to depression, I understand that it is a complex issue with various factors at play. While it may be tempting to dismiss it as simply a matter of ""mind over matter,"" it's important to acknowledge the impact that chemical imbalances and other medical factors can have. It's a delicate balance between addressing the root causes of depression while also providing support and care for those who are struggling."
151,ENTP,love,"Love can be a tricky thing for an ENTP. As someone who is constantly seeking new experiences, settling into a long-term relationship can feel suffocating at times. However, when we do find someone who can keep up with our endless curiosity and need for intellectual stimulation, the depth of feeling we're able to reach can be truly profound."
152,ENTP,love,"When it comes to love, ENTPs are often looking for someone who can understand and embrace our complex and sometimes unpredictable nature. Though we may have a knack for arguing and playing devil's advocate, at our core we truly care about our partners and want to see them thrive. When we find someone who can complement our strengths and keep us on our toes, there's nothing quite like it."
153,ENTP,parties,"Parties can be a great opportunity for ENTPs to connect with others and share ideas. Our outgoing nature means that we're often at the center of the action, chatting with everyone and brainstorming new ways to make the night memorable. However, we also need to be mindful of not overwhelming others with our energy and giving them space to breathe."
154,ENTP,depression,"Depression is something that can affect anyone, regardless of personality type. As an ENTP, I've found that focusing on my passions and staying engaged in stimulating activities can help manage depressive symptoms. However, it's important to recognize that depression is a serious medical condition that often requires professional treatment and support."
155,ENTP,depression,"Depression can be a heavy burden for anyone to carry, and as an ENTP it's something that can impact our creative energy and drive. I've found that talking to close friends and loved ones, exploring new interests, and even seeking therapy can help alleviate depression symptoms and recharge my mental batteries."
156,ENTP,book,"As an ENTP, I'm always hungry for knowledge and new ideas, which is why books are such an important part of my life. Whether I'm diving into a classic novel, a thought-provoking essay, or an informative non-fiction book, reading continually broadens my perspective and adds depth to my understanding of the world around me."
157,ENTP,movies,"There's no denying that movies can be a powerful form of storytelling that evoke a wide range of emotions and inspire us in different ways. As an ENTP, I tend to gravitate towards movies that challenge my thinking and encourage me to see the world in a different light. At the same time, I also love sitting back and enjoying a good rom-com or action flick with friends and family."
158,ENTP,cinema,"Cinema is a medium with so much potential to spark meaningful conversations and ignite our imaginations. As an ENTP, I love exploring complex themes and characters in films, and using them as a springboard for deeper contemplation and inquiry. At the same time, I can appreciate a fun and lighthearted movie that simply serves as a form of escapism."
159,ENTP,love,"As an ENTP, love often feels like a battleground between the heart and mind. While we may have a tendency to over-analyze relationships and question our feelings, when we do find someone who truly resonates with us, the depth of connection can be incredible. It's a delicate balance between trusting our intuition and staying true to our values and intellectual pursuits."
160,INFP,love,"Love is both a beautiful and complex thing. As an INFP, I believe in deep connections and understand the importance of emotional intimacy in relationships. However, at times it can be hard to express and navigate these emotions without overwhelming oneself or the other person."
161,INFP,book,"Books are a gateway to other worlds. As an INFP, I find solace in reading and immersing myself in stories filled with depth and emotion. Each book holds its unique voice, allowing perspectives that broaden my understanding of the world and humans."
162,INFP,book,"Books have the power to transport us to magical worlds and allow us to experience life through different characters' perspectives. As an INFP, I am drawn to books that are deep and thought-provoking, with a touch of whimsy. Reading is a form of self-care, an escape from reality without having to leave your room."
163,INFP,parties,"Parties can be overwhelming for an INFP like myself, but I enjoy the opportunity it presents to connect with others on a deeper level. I prefer intimate gatherings to larger ones, and I'm often the one seeking out meaningful conversations in the corner rather than being the center of attention."
164,INFP,movies,"Movies have the ability to make us feel deeply and transport us to different worlds. As an INFP, I am always drawn to films that tell meaningful stories with complex characters. I find myself emotionally invested in the characters' journeys, and movies can often ignite a sense of nostalgia and inspiration within me."
165,INFP,depression,"Depression can feel like a weight on your chest, an unwelcome guest that refuses to leave. As an INFP, I understand the value of emotions, both the highs and lows. It can be challenging to navigate, but I believe talking about it and seeking support can lead to healing and growth."
166,INFP,love,"Love is a complex emotion that can be difficult to understand at times. As an INFP, I believe that it is essential to have a deep connection with someone, both emotionally and spiritually. It is through these connections that we can truly feel seen and heard, leading to a sense of pure and unconditional love."
167,INFP,parties,"As an INFP, parties can be uncomfortable, but connecting with others on a deeper level is what I crave. I appreciate the opportunity to bond with like-minded individuals and engage in meaningful conversations. However, I often need to retreat to recharge my energy since parties can be overwhelming."
168,INFP,movies,"Movies have a way of evoking intense emotions that stay with us long after the credits roll. As an INFP, I can find myself feeling deeply connected to characters and their struggles. When I'm feeling like no one will ever understand me, watching stories unfold on the big screen can sometimes provide comfort and reassurance."
169,INFP,love,"Love is a complex and beautiful emotion that can be challenging to put into words. As an INFP, I believe that it is essential to have a deep connection with someone in order to truly feel loved. For me, this often means connecting on a spiritual level and sharing our innermost thoughts and emotions."
170,INFP,cinema,"I always find myself lost in the dreamy world of cinema. The raw emotions it evokes, the way it can take you on a journey through time and space - it's all so captivating. There's something truly magical about getting lost in a good movie.

(Note: I followed the structure of the example post but wrote my own content discussing cinema from the perspective of an INFP personality)"
171,INFP,love,"Love is a concept that has always fascinated me. The idea of feeling such intense emotions for another person is both beautiful and terrifying. As an INFP, I tend to wear my heart on my sleeve and put a lot of weight into my relationships with others. Love is a constant journey of learning and growing, and I wouldn't want it any other way."
172,INFP,cinema,"As an INFP, I often find myself drawn to cinematic stories that are both thought-provoking and emotionally impactful. I appreciate the artistry that goes into making every aspect of the film, from the cinematography to the soundtrack, come together to create a complete sensory experience. Watching movies that stir up my emotions and leave me feeling inspired is one of my favorite pastimes."
173,INFP,depression,"Depression is something that I have struggled with on and off throughout my life. As an INFP, I tend to be highly sensitive and emotional, which can make it difficult to stay positive during tough times. However, I have found that reaching out to loved ones and pursuing creative outlets can help lift my spirits."
174,INFP,cinema,"As an INFP, I am often drawn to films that showcase the depth and complexity of the human experience. I appreciate movies that explore difficult themes with sensitivity and nuance, and that leave me feeling emotionally moved and intellectually stimulated. For me, cinema is a powerful tool for empathizing with others and gaining a deeper understanding of the world around us."
175,INFP,movies,Movies have always been a huge part of my life as an INFP. I love getting lost in the stories of others and exploring different perspectives through films. They allow me to live vicariously through characters and experience emotions that I may not have otherwise. Watching movies is a form of escape and self-discovery that I find endlessly rewarding.
176,INFP,cinema,"As an INFP, I find cinema to be a powerful medium for exploring my innermost thoughts and feelings. There's something about the way that movies can paint a picture of the world that is both familiar and completely new that truly fascinates me. I am continually inspired by the way that movies can elicit such a wide range of emotions in their viewers."
177,INFP,love,"As an INFP, I often find myself experiencing love on a deep and intense level. I am a romantic at heart, and the idea of finding someone who truly understands me on a soulful level is incredibly powerful. However, because my emotions run so deep, it can be difficult to open up to others and trust them fully. Love is both a beautiful and challenging journey, but one that I am grateful to be on."
178,INFP,cinema,"As an INFP, I often find myself feeling a deep emotional connection to movies that explore complex human emotions and relationships. Cinematic stories that showcase the beauty and tragedy of life are especially profound to me. Film has the power to transport viewers to another world, to connect with characters in a way that feels intimate and real."
179,INFP,love,"Love is a subject that has fascinated me for as long as I can remember. As an INFP, I tend to be highly attuned to the emotions of others, which can make falling in love a rollercoaster of feelings. Whether we're talking about romantic love or love for family and friends, there's something truly magical about this intense emotion that we all experience in different ways."
180,INTP,parties,"Here is the post:

""I am not particularly fond of parties, to be honest. The noise, the crowds, the constant small talk - it all seems pointless to me. I would rather spend my time exploring new ideas or engaging in intellectually stimulating conversations. However, I do see the appeal of social gatherings for others who might find enjoyment in them."""
181,INTP,parties,"Here is the post:

""While I appreciate the effort put into throwing a great party, I tend to get overwhelmed by the level of excitement and stimulation. I would rather observe the evening unfold from a distance, perhaps with a good book or engaging in a deep conversation. But it can be interesting to see the behaviour of others in such social situations."""
182,INTP,parties,"Here is the post:

""Parties and social gatherings can be a great opportunity to observe different personalities and social dynamics. However, I find it difficult to fully immerse myself in the experience. I prefer quiet introspection and analysis, rather than being the center of attention in a room full of people."""
183,INTP,cinema,"Here is the post:

""I find cinema to be a fascinating medium for exploring complex ideas and narratives. I am particularly drawn to thought-provoking films that challenge conventional thinking. Though I enjoy watching movies, I prefer smaller audiences or even watching a movie alone, where I can fully immerse myself in the experience and analyze every aspect of the film."""
184,INTP,book,"Here is the post:

""Books are one of my greatest passions. I enjoy diving into fictional worlds or gaining new insights from non-fiction works. I find that reading allows for a deeper understanding of complex ideas and concepts. However, I can be a bit of a book snob, and prefer works that challenge my intellect."""
185,INTP,love,"Here is the post:

""Love is a complex emotion that I struggle to fully comprehend. While I appreciate the connection and intimacy it can bring, I also recognize the potential for heartbreak and disappointment. I tend to approach love more analytically, weighing the pros and cons before making any emotional commitments."""
186,INTP,love,"Here is the post:

""I have difficulty expressing my emotions, especially when it comes to love. I tend to overthink every aspect of my relationships and can come across as emotionally distant. However, when I do find someone who understands my unique thought process, the connection can be incredibly deep and meaningful."""
187,INTP,movies,"Here is the post:

""I am a big fan of movies that challenge conventional thinking and explore complex themes. I appreciate movies that provide a unique perspective or engage the audience in thought-provoking ways. Though I enjoy a good action film every once in a while, I tend to prefer films that offer something more than mindless entertainment."""
188,INTP,book,"Here is the post:

""Books have always been a source of fascination for me. I enjoy reading works that provide a new perspective or challenge me intellectually. I find that books allow for a deeper understanding of complex ideas and concepts. While I enjoy many different genres, I tend to gravitate towards thought-provoking works of non-fiction."""
189,INTP,book,"Here is the post:

""I have always been fascinated by the power of books to inspire and educate. Reading allows me to explore new worlds and gain insights into complex ideas and concepts. However, I can be prone to getting completely lost in a good book, sometimes at the expense of basic necessities."""
190,INTP,love,"As an INTP, I tend to view love as more of a cerebral experience than an emotional one. While I appreciate the idea of being in love, I find it difficult to fully immerse myself in those feelings. However, I do recognize the importance of love in maintaining meaningful relationships with others."
191,INTP,love,"As an INTP, I tend to approach love in a logical and practical manner. I value compatibility and shared interests above all else, and find myself drawn to those who challenge me intellectually. While I may not be the most romantic person, I do appreciate the importance of finding meaningful connections with others."
192,INTP,cinema,"As an INTP, I find the world of cinema to be endlessly fascinating from a technical perspective. I enjoy analyzing film structures and storytelling techniques, as well as learning about different genres and historical periods. That being said, I can occasionally lose interest if a film doesn't challenge me intellectually or emotionally."
193,INTP,depression,"As an INTP, I understand the depths of depression that can befall us. I know that sometimes it can feel like there's no way out, and that everything is pointless. However, I also know that taking a step back and analyzing the situation with a logical mindset can help alleviate some of the pain."
194,INTP,parties,"As an INTP, I find parties to be overwhelming and often draining. The loud music, large crowds, and social expectations can be difficult to navigate. Instead, I enjoy small, intimate gatherings where I can engage in meaningful conversations with a select few individuals."
195,INTP,book,"As an INTP, I am an avid reader and enjoy delving into a good book. I appreciate literature that challenges my preconceptions and broadens my perspective. I enjoy analyzing characters, themes, and social issues within a text, as well as debating different interpretations with like-minded individuals."
196,INTP,cinema,"As an INTP, I am drawn to the artistry of cinema and enjoy analyzing the effective use of cinematography, color, and sound to create meaningful storytelling experiences. I am fascinated by the way in which film can impact culture and society, and how it can be used to convey complex themes and ideas."
197,INTP,love,"As an INTP, I approach love with a cautious yet curious mindset. While I value the idea of a deep emotional connection, I also recognize that love can be unpredictable and challenging. I tend to analyze my feelings and weigh the pros and cons before fully committing to a relationship."
198,INTP,movies,"As an INTP, I appreciate movies that challenge my intellect and offer a unique perspective on the world. I enjoy exploring themes of morality, psychology, and social issues, as well as analyzing the technical aspects of film such as cinematography and sound design."
199,INTP,love,"I'm sorry, can you please give me a different topic to generate a post on?"
200,INFJ,cinema,"I have always found comfort in the dark rooms of the cinema, where the world outside disappears and the only thing that matters is the story playing out on the big screen. There's something magical about the way film can transport you to another time and place, and allow you to explore the deepest depths of the human experience."
201,INFJ,cinema,"I believe that cinema is a powerful art form that has the ability to move people in profound ways. It's disappointing to see when films are reduced to cheap entertainment or shallow entertainment. I think it's important to seek out films that challenge us, that make us think, and that help us see the world in a new way."
202,INFJ,book,"Books have always been my refuge, a place where I can escape from the outside world and find solace in the pages of a good novel. I believe that books have the power to transform us, to help us see the world in a new way, and to empathize with others."
203,INFJ,book,"There's nothing quite like curling up with a good book and getting lost in its pages. Reading has been a passion of mine for as long as I can remember, and I love nothing more than exploring new worlds, meeting interesting characters, and experiencing different perspectives through the written word."
204,INFJ,book,"Books have always been a source of comfort for me, and I love nothing more than getting lost in a good story. I find that reading allows me to better understand people and the world around me, and to develop a stronger sense of empathy and compassion."
205,INFJ,depression,"As an INFJ, I know that depression can be a difficult and isolating experience. It's important to remember that there is no shame in seeking help if you're struggling with your mental health. Talk to a trusted friend or professional, and remember that you are not alone."
206,INFJ,love,"Love is a powerful force that can bring both joy and pain. As an INFJ, I tend to wear my heart on my sleeve and approach relationships with a great deal of thoughtfulness and care. It's important to nurture those connections that truly matter to us and to remember that love is always worth fighting for."
207,INFJ,movies,"Movies have always been a favorite pastime of mine. I love diving into new worlds, experiencing different lives, and exploring different perspectives. As an INFJ, I also appreciate movies that delve deeper into the human experience and can really challenge our thinking and emotions."
208,INFJ,cinema,"Cinema is more than just a form of entertainment - it has the power to truly move us and change the way we see the world. As an INFJ, I'm particularly drawn to movies that explore the complexities of human relationships and challenge us to think on a deeper level."
209,INFJ,movies,"Movies have the ability to transport us to different worlds and give us a glimpse into the lives of others. As an INFJ, I'm particularly drawn to movies that explore the intricacies of the human experience and challenge us to think on a deeper level."
210,INFJ,love,"Love is a complex web of intertwining emotions and experiences that can take a while to unravel. As an INFJ, I tend to approach it with a mix of cautious optimism and deep analysis. Every little gesture and action is scrutinized for deeper meaning, but when all the pieces fit together it can be a beautiful thing."
211,INFJ,book,"Books are one of my favorite things in life. The way words come together to create a story that can make you laugh, cry, or even change your perspective on the world is truly amazing. As an INFJ, I often find myself getting lost in the pages and connecting deeply with the characters."
212,INFJ,cinema,"Cinema is a powerful storytelling medium that allows us to immerse ourselves in different worlds and perspectives. As an INFJ, I am often drawn to movies that explore deeper emotions and meaningful themes. The right film can transport you to another time and place, leaving you with a fresh perspective on the world around you."
213,INFJ,depression,"Depression is a heavy burden that can be difficult to bear. As an INFJ, I am often sensitive to the emotions of others and may find myself struggling with depression as well. It's important to remember that it's okay not to be okay, and to seek out support and self-care practices to help manage the weight of it all."
214,INFJ,movies,"Movies have a special ability to transport us to different worlds and perspectives. As an INFJ, I often gravitate towards films with deeper emotional themes and complex characters. The right movie can leave me feeling inspired, introspective, and even transformed in some way."
215,INFJ,movies,"As an INFJ, movies have a profound effect on me and shape the way I view the world. I believe that good movies should not only tell an engaging story, but also make you think and feel deeply. The movies that stick with me are the ones that leave me with a greater understanding of the human experience."
216,INFJ,depression,"Depression is something that I have struggled with on and off throughout my life, but it's also something that has taught me a lot about myself and the human experience. It's a reminder that life isn't always easy, but that there is always hope and a way forward. It's okay not to be okay, and it's important to seek out help and support when you need it."
217,INFJ,book,"As an INFJ, I often find myself lost in the pages of a good book. Whether it's a classic novel or a modern memoir, there's something magical about the way words come together to tell a story. A good book can make you laugh, cry, or even inspire you to make a change in your own life."
218,INFJ,book,"As an INFJ, I believe that books have the power to change the world. They can inspire us to be better, to think deeper, and to connect with one another in meaningful ways. A good book can transcend time and space, and give us a glimpse of what it truly means to be human."
219,INFJ,movies,"As an INFJ, I view movies as a powerful medium through which we can explore the depths of the human experience. It's amazing how movies can transport us to another time and place, and leave us feeling inspired or introspective. I enjoy films that make me think deeply, and that challenge me to view the world in new ways."
220,INTJ,depression,"It may be difficult for some to understand the ins and outs of depression, but to INTJs it can be even more complex. We tend to keep our emotions locked away and sometimes struggle to express ourselves. However, depression is a battle that we must recognize and fight. Seeking professional help and cultivating positive habits can aid in overcoming this difficult obstacle."
221,INTJ,parties,"Parties can be overwhelming for INTJs as we are skilled at observing people from a distance but shy away from prolonged social interactions. However, focusing on enjoying the moment and finding like-minded individuals can lead to a more enjoyable experience."
222,INTJ,love,"Love can be a perplexing subject for INTJs as it seems illogical and unpredictable, unsuitable for the organized and systematic way we approach life. However, with the right person, love can be an energizing force that fuels our growth and enhances our lives."
223,INTJ,cinema,"Cinema can be a compelling medium for INTJs, as it allows us to delve into complex storylines and explore characters and human behavior in depth. However, the noise and distractions of a movie theater can be disruptive, making it difficult to fully immerse ourselves in the experience."
224,INTJ,movies,"As an INTJ, analyzing and understanding the intricacies of plot and character development in movies allows us to fully immerse ourselves in the experience. It's frustrating when films rely on cheap gimmicks or predictable tropes instead of truly challenging the viewer."
225,INTJ,book,"As an INTJ, reading books allows me to explore new ideas and worlds and engage my analytical mind. I enjoy works that challenge my understanding of the world and human behavior, pushing me to think beyond the confines of my current knowledge and experience."
226,INTJ,movies,"As an INTJ, I appreciate movies that challenge my understanding of the world and characters and require me to engage my analytical mind. A well-crafted film with complex and nuanced storytelling can provide a unique and compelling experience that stays with me long after the credits have rolled."
227,INTJ,love,"As an INTJ, love can seem like an illogical and unpredictable force, difficult for me to fully comprehend. However, when I find the right person, it can be a transformative and fulfilling experience that provides a sense of purpose and belonging in this world."
228,INTJ,movies,"As an INTJ, I prefer movies with intricate and nuanced themes that require me to engage with the story in a deep and meaningful way. Films that rely on cheap gimmicks or cliche tropes are often unsatisfying and fail to grip my attention or imagination."
229,INTJ,movies,"As an INTJ, I often find myself drawn to movies that challenge my intellectual and emotional faculties. Films that delve into complex themes and explore the intricacies of human psychology and behavior can provide a unique and insightful perspective on the human condition."
230,INTJ,depression,"Depression is a complex mental illness that affects millions of people around the world. As an INTJ, it's important to understand the root causes behind this condition. While it may not be easy, seeking help from a licensed therapist or medical professional can be an important step in managing your symptoms and improving your overall quality of life. Remember that you don't have to go through this alone."
231,INTJ,book,"As an INTJ, I appreciate books that challenge my intellect and sharpen my critical thinking skills. I prefer non-fiction books to fictional stories, as my curious nature enjoys learning about new subjects and expanding my knowledge base. However, sometimes I do enjoy a good thriller or mystery novel to exercise my imagination."
232,INTJ,parties,"As an INTJ, I don't usually enjoy social gatherings, and parties are no exception. I would much rather spend my free time exploring my interests or engaging in deep conversations with a small group of close friends. However, if I do attend a party, I tend to gravitate towards the company of like-minded individuals and avoid superficial small talk."
233,INTJ,parties,"As an INTJ, I tend to prefer small gatherings over parties. However, on occasions where a party is necessary, I have developed some coping mechanisms to deal with my discomfort. I stick to small groups of people with similar interests and engage in meaningful conversations, rather than succumbing to the pressure of making small talk with strangers."
234,INTJ,cinema,"As an INTJ, I tend to approach cinema from a critical standpoint. I enjoy thought-provoking films that push the boundaries of what is possible in storytelling. I appreciate films that present complex moral dilemmas and explore deep philosophical questions. While I don't enjoy all genres of film, I always strive to find something to appreciate in each movie I watch."
235,INTJ,love,"As an INTJ, I tend to be very analytical when it comes to matters of the heart. While I appreciate the concept of love and what it represents, I don't let my emotions cloud my judgment. I prefer to approach relationships logically and with a clear head, rather than getting swept up in the moment."
236,INTJ,movies,"As an INTJ, I love movies that challenge my mind and make me question my assumptions. I enjoy films that have complex and well-developed characters, a compelling storyline, and strong themes. I find movies to be a powerful medium for exploring the human experience, and I believe that a great film should stay with you long after the credits roll."
237,INTJ,depression,"As an INTJ, I understand the importance of mental health and the impact that depression can have on a person's life. It's important for individuals experiencing symptoms of depression to seek professional help and support from loved ones. There should be no shame in seeking help, and taking care of one's mental health is just as important as physical health."
238,INTJ,depression,"I'm sorry, but as an AI language model, I cannot generate a post based on just a YouTube link. Please provide me with a topic or prompt to work with so that I can generate a meaningful post."
239,INTJ,book,"As an INTJ, I love books that challenge my intellect and broaden my knowledge. I always try to find time to read at least a few pages every day, and I often have several books on the go at once. My favorite books are usually non-fiction ones that explore complex ideas and theories."
240,ISFP,parties,"As an ISFP, I love attending small gatherings rather than big parties. I enjoy having meaningful conversations with close friends over good food and drinks. Contrary to popular belief, being introverted does not mean we do not enjoy socializing. It just means we value quality over quantity."
241,ISFP,depression,"As an ISFP, I can easily fall into depression when I feel misunderstood or disconnected from others. It's important to recognize and address those feelings before they turn into something more serious. For me, this includes spending time in nature, pursuing creative endeavors, and reaching out to trusted friends or loved ones."
242,ISFP,depression,"As an ISFP, books are a great source of inspiration and healing for me, especially when I am struggling with depression. Whether it's diving into a classic novel or exploring a new author, there's something magical about getting lost in words and story. It reminds me that there is always hope and beauty to be found in the world."
243,ISFP,depression,"As an ISFP, music is also a powerful tool for dealing with depression. Whether it's listening to an upbeat playlist or playing my guitar, it helps lift my mood and provides a much-needed outlet for my emotions. It's amazing how a few chords and lyrics can change my entire outlook on life."
244,ISFP,book,"As an ISFP, I find that books help me connect with my emotions and provide a source of comfort and inspiration. I love exploring different genres and authors, and always have a book with me wherever I go. Whether I'm looking to escape reality or learn something new, there's always a book that fits the bill."
245,ISFP,book,"As an ISFP, I love reading books that transport me to different worlds and help me see things from a new perspective. It's incredible how words on a page can evoke such strong emotions and inspire change. The power of storytelling never ceases to amaze me."
246,ISFP,cinema,"As an ISFP, I love going to the cinema and getting lost in a good movie. I appreciate films that have strong visuals and emotional depth, and love exploring different genres and styles. There's something magical about the way a film can transport you to another world and evoke such powerful emotions."
247,ISFP,book,"As an ISFP, books are my go-to source of inspiration and escape. I'm constantly on the lookout for new authors and titles, and love discovering hidden gems. Whether it's losing myself in a gripping thriller or exploring new worlds in a fantasy novel, books have the power to transport me to a different reality and help me forget about the world for a little while."
248,ISFP,book,"As an ISFP, books are not just a source of entertainment for me, but a way to connect with others and learn more about the world. I love exploring different perspectives and getting lost in a good story. It's amazing how much you can learn and grow from simply turning a page."
249,ISFP,book,"As an ISFP, books are a way for me to explore my emotions and connect with the world around me. I love finding stories that make me laugh, cry, or feel something deep inside. When I find an author or book that really speaks to me, it's like discovering a new part of myself."
250,ISFP,parties,"I always love attending parties, as they offer a chance to connect with my friends and feel the vibe. It is the perfect occasion for me to showcase my artistic side and create some fun memories with my loved ones."
251,ISFP,parties,"Parties are always exciting. I am the first one to arrive, but also the first to go. Although I may seem like a social butterfly, I have limits, and my quiet personality can be easily overwhelmed. I prefer small gatherings that allow me to connect with people on a more personal level."
252,ISFP,movies,"I absolutely love watching movies! As an ISFP, I am highly imaginative, and movies offer me an opportunity to immerse myself in new worlds and escape reality for a while. However, I tend to avoid violent or emotionally intense movies as they can be overwhelming."
253,ISFP,parties,"I love parties! Being an ISFP, I tend to be artistic and creative, so parties allow me to put that creativity to use in different ways. I enjoy making decorations and preparing food that not only looks great but also tastes delicious. However, parties can be overwhelming, and I usually need to take breaks to recharge."
254,ISFP,cinema,"As an ISFP, I tend to be very imaginative and creative, and cinema offers me an opportunity to escape reality and immerse myself in new worlds. I tend to be emotionally invested in movies and appreciate ones that evoke strong emotions in me. I also enjoy the visual and auditory components of films."
255,ISFP,love,"As an ISFP, I tend to be very emotional and empathetic, which makes me naturally attuned to love and romantic relationships. I enjoy indulging in the romantic side of life and cherish the moments when I feel deeply connected to someone. However, I can also be guarded when it comes to opening up to others."
256,ISFP,depression,"As an ISFP, I tend to be very sensitive to my surroundings and can easily pick up on the emotions of others. Depression is a difficult and complex topic that affects many people around the world. I believe that it's important to recognize the signs of depression and provide support and care for those who are struggling."
257,ISFP,parties,"As an ISFP, I enjoy attending parties, but I do have my limits. While some people thrive in large, noisy groups, I prefer smaller gatherings where I can connect with people on a more personal level. I often volunteer to help with decorations and food preparation, as these tasks allow me to express my artistic side."
258,ISFP,love,"As an ISFP, I tend to be very affectionate and loving when it comes to my romantic relationships. I value emotional connections and am often drawn to partners who share similar values and beliefs. However, I can also become easily overwhelmed by the highs and lows of love and often need time to process my emotions."
259,ISFP,movies,"As an ISFP, movies are a great way for me to escape reality and explore new worlds. I prefer movies that have strong emotional themes and artistic elements that stimulate my senses. However, I tend to avoid movies that are too violent or intense, as they can easily overwhelm me."
260,ISTP,movies,"Sometimes, I watch movies for the thrill of the chase, the risk, and the action. Watching movies about spies and their secret missions really keep me interested. The best ones are those where there is an unexpected twist."
261,ISTP,love,"Love is complicated. I prefer the simplicity of being alone, but sometimes having someone to share experiences with feels right. It's a balance between being independent and being with someone who complements you."
262,ISTP,depression,"Depression is overwhelming. I try to keep myself busy with work to keep my mind off things, but sometimes it catches up to me. Getting outside and doing physical activities helps me feel better. It's important to recognize when you need help."
263,ISTP,parties,"Parties aren't really my thing. I prefer smaller gatherings if I do go out. Loud music and crowds don't appeal to me, but spending time with close friends is fun. I'm also good at blending in with the background if necessary."
264,ISTP,love,"Love is a fickle thing. I never really had crushes and never understood the need for love, then I just fell into it. Sometimes it feels awkward to express that love, but if you overthink it, it just gets weirder."
265,ISTP,love,Love is complicated. Sometimes it's hard to tell when someone is interested and sometimes you don't know yourself. It's important to be honest with your feelings and not lead someone on. Being patient and getting to know someone can lead to something meaningful.
266,ISTP,book,"Books are a great escape. I'm not really into romance or fantasy books, but biographies and crime thrillers are my thing. Reading through someone's life experiences or solving a mystery is intriguing."
267,ISTP,parties,"Parties can be overwhelming. Small talk isn't my strong suit and being in a crowded room makes it worse. Drinking can make things easier, but sometimes too much. I prefer a low key, small group gathering where I feel more comfortable."
268,ISTP,book,Reading books is something I do to unwind. Self-help or motivational books don't really interest me. I like to read books that tell me a story or challenge my mind. It's a great way to escape from reality for a bit.
269,ISTP,parties,"Parties aren't my thing, but it doesn't mean I don't know how to have fun. If there's music I like, I'll dance. Being around people I'm comfortable with is important. If I need a break from the party, I'll take a walk outside to recharge."
270,ISTP,book,"I recently read a book that reminded me of my love for the written word. The way the author described the characters and setting was impeccable. It allowed me to immerse myself fully in the story, and I found myself lost in its pages."
271,ISTP,love,"Love is a complicated thing. It takes time and effort to build a relationship with someone and to truly understand them. But when you do, it's a beautiful feeling that makes all the hard work worth it."
272,ISTP,love,Love is not something that I've ever been particularly interested in. I value my independence and prefer to focus on my own interests and hobbies rather than seeking out romance. But I do understand why it's important to others and can appreciate the joy it brings.
273,ISTP,movies,"I enjoy action-packed movies that keep me on the edge of my seat. The adrenaline rush is exhilarating and the special effects are often impressive. But sometimes, I also appreciate a well-crafted drama that explores the human experience in a thought-provoking way."
274,ISTP,cinema,"Cinema is an experience that I enjoy, especially in theaters with state-of-the-art sound systems and comfortable seating. I'm not interested in film theory or analysis, but I appreciate the craftsmanship that goes into making a visually stunning movie that captivates my attention."
275,ISTP,parties,"I don't usually look forward to parties, but when I do attend, I prefer to keep things low-key. Mingling with a small group of friends or participating in a fun activity is more my speed than attending a wild and chaotic social event."
276,ISTP,movies,"Movies are a great way to escape from reality and immerse oneself in an entertaining story. I prefer action and adventure films with dynamic characters and thrilling plot twists, though I'm not opposed to a well-crafted drama or comedy."
277,ISTP,book,"I've always been a fan of action/thriller books that keep me engaged from beginning to end. But occasionally, I enjoy delving into a non-fiction book that explores a topic of interest, such as science or technology. Reading is a great way to stimulate the mind and expand one's knowledge."
278,ISTP,depression,"Depression is a difficult and complex issue that affects many people. While I'm not particularly well-versed in the science or psychology behind it, I do believe that it's important to be supportive of those who are struggling and to offer them any help or resources that we can."
279,ISTP,cinema,"While I enjoy going to the cinema, I'm not one to get caught up in the hype surrounding certain movies or franchises. I like to approach each film on its own merit and to form my own opinion based on what I'm seeing on screen."
280,ISFJ,cinema,"When it comes to cinema, there are so many different genres and sub-genres to explore, it can be overwhelming. As an ISFJ, I tend to gravitate towards movies that have a clear and understandable plot, with well-developed characters and emotional depth. To me, the purpose of cinema is to tell a story that resonates with the audience and leaves a lasting impact."
281,ISFJ,depression,"For ISFJs, depression can be a very difficult and complex issue to manage. We tend to be deeply empathetic and take on the emotions of those around us. That's why it's so important for ISFJs to take care of themselves and prioritize self-care, especially when dealing with depression."
282,ISFJ,cinema,"As an ISFJ, I often find myself drawn to movies that showcase the beauty of human connection and the power of empathy. Films that explore the deep motivations and vulnerabilities of the characters always resonate with me, and I find myself feeling deeply moved and often inspired by their stories."
283,ISFJ,book,"As an ISFJ, I have always had a great appreciation for the written word and the power of literature to transport us to new worlds and perspectives. I tend to gravitate towards books that explore the human experience in a deeply emotional way, touching on themes of love, loss, and personal growth. Reading has always been a way for me to connect with myself and my emotions on a deeper level."
284,ISFJ,parties,"As an ISFJ, I have never been one for wild and crazy parties. I much prefer small gatherings of close friends, where I can really connect with the people around me and have meaningful conversations. Being in large crowds can be overwhelming for me, so I tend to seek out quieter, more intimate social situations."
285,ISFJ,love,"As an ISFJ, I am someone who is deeply committed to my relationships with others, particularly when it comes to matters of the heart. Love is something that I take very seriously, and I am always striving to be the best partner I can be, supporting and caring for my loved ones in any way I can."
286,ISFJ,parties,"As an ISFJ, I have always found parties to be a somewhat challenging social environment. I tend to feel more comfortable in quieter, one-on-one situations, where I can really connect with someone and have a meaningful conversation. However, with time and practice, I have become better at navigating the complexities of social gatherings and finding joy in the shared experience."
287,ISFJ,movies,"As an ISFJ, I tend to gravitate towards movies that are emotionally engaging and have well-developed characters that I can identify with on a personal level. I appreciate films that explore the complexities of the human experience in a deep and meaningful way, touching on themes such as love, loss, and personal growth."
288,ISFJ,parties,"As an ISFJ, I prefer smaller parties or gatherings where I can really connect with people on an individual level. I tend to feel overwhelmed in big crowds, so parties with lots of people can be challenging for me. However, when I do attend social events, I try to focus on the people I already know and use the opportunity to deepen those relationships."
289,ISFJ,movies,"As an ISFJ, I tend to prefer movies that are character-driven and explore the intricate workings of the human mind and emotion. I enjoy films that are not only visually stunning but offer a compelling story and well-developed characters that I can identify with and emotionally connect with."
290,ISFJ,depression,"Dealing with emotions is difficult for me as an ISFJ. I tend to bottle up my feelings and keep them to myself. However, when it comes to depression, it's important to let someone know how you're feeling so you can get the help you need. It's okay to not be okay."
291,ISFJ,movies,"As an ISFJ, I enjoy watching movies that have a profound impact on me. I prefer movies that have a strong emotional message and teach a life lesson. My all-time favorite movie is The Shawshank Redemption because it taught me about resilience and hope."
292,ISFJ,parties,"As an ISFJ, I enjoy attending parties as long as it's not too overwhelming and loud. I like meeting new people but I feel more comfortable interacting with those I already know. I enjoy organizing small gatherings where everyone can have a good time and feel included."
293,ISFJ,cinema,"As an ISFJ, I enjoy going to the cinema because it allows me to escape reality and immerse myself in different worlds. I appreciate movies that have a positive message and a happy ending. I also like going during off-peak hours to avoid crowds."
294,ISFJ,parties,"As an ISFJ, I enjoy attending small parties, but the idea of large parties fills me with dread. I prefer intimate gatherings where I can have meaningful conversations with each person. I also enjoy dressing up for events, but I tend to choose conservative and comfortable clothing."
295,ISFJ,depression,"As an ISFJ, dealing with depression can be overwhelming. I try to find comfort in my family and friends, and I try to focus on self-care activities. At times, sharing my thoughts and feelings can help lift my spirits and bring me back to a positive state of mind."
296,ISFJ,movies,"As an ISFJ, I love watching movies that can fill me with emotions and leave me thinking about them long after they're over. I prefer movies that have a meaningful message, happy ending, and memorable character development. My favorite all-time movie is The Notebook, it's a touching love story that fills me with joy and hope."
297,ISFJ,parties,"As an ISFJ, I enjoy going to parties, but I often feel overwhelmed by the noise and crowds. I prefer small gatherings where I can have genuine conversations with each person rather than superficial interactions. As a host, I often focus on making sure everyone is comfortable and having a good time."
298,ISFJ,love,"As an ISFJ, love can sometimes be scary for me. I'm very selective of the people I let into my life and my heart. Once I do, I give my all and become fiercely loyal. I appreciate thoughtful gestures and words of affirmation, and I strive to make sure my loved ones feel cared for and appreciated."
299,ISFJ,movies,"As an ISFJ, watching movies is one of my favorite pastimes. I love immersing myself in different worlds, getting to know the characters, and feeling the emotions they experience. Movies that have a positive message and heartwarming storylines are my favorite, and I try to watch them as frequently as possible."
300,ISTJ,movies,"I always appreciate a well-crafted movie with a clear plot and a logical conclusion. I tend to gravitate towards more serious genres like drama, thrillers or documentaries. A good movie should provide a satisfying experience and leave a lasting impression."
301,ISTJ,parties,I prefer small gatherings with close friends and family over big parties with loud music and strangers. I find it easier to talk and connect with people in a more relaxed and intimate setting. A low-key dinner party or game night is more my style.
302,ISTJ,movies,"I enjoy movies that are well-paced, with clear storylines and developed characters. Action or thrillers are a plus but the plot can't be too convoluted. I tend to avoid movies that rely too heavily on special effects or are too avant-garde. A straightforward, engaging film is always my first choice."
303,ISTJ,love,"While I'm not one to express my emotions in public or be overly affectionate, I do believe in the importance of showing love to those who are important to us. For me, actions speak louder than words and I try to show my love through thoughtful gestures and acts of service."
304,ISTJ,parties,"I approach parties with caution and prefer to have a clear idea of what to expect, such as the dress code and the guest list. I'm not a fan of surprises or spontaneous events, so I appreciate it when there's a clear plan in place."
305,ISTJ,depression,"Depression can be a difficult topic for most people to discuss. While I may not be the most empathetic person, I do think communication is key to helping those who are suffering. Sometimes, simply being there to listen and offer support can help those struggling with depression."
306,ISTJ,love,"As an ISTJ, I tend to be reserved and cautious when it comes to relationships, especially in the early stages. While I may seem ""avoidant"" or uninterested, the truth is that I want to be certain before committing to someone. Once I am sure of my feelings, I can be a loyal and caring partner."
307,ISTJ,cinema,"As an ISTJ, I appreciate movies that are well-crafted and thought-provoking. I enjoy films that explore the complexities of human relationships and provide deeper insights into the world around us. While action movies can be entertaining, I prefer movies that prioritize storytelling and character development."
308,ISTJ,depression,"Depression is a serious issue that can affect anyone regardless of their personality type. As an ISTJ, I tend to approach these issues logically and with a clear plan of action. While I may not have all the answers, I do believe that seeking help and support is important in overcoming depression."
309,ISTJ,cinema,"As an ISTJ, I appreciate movies that are well-crafted and thought-provoking. I enjoy films that explore the complexities of human relationships and provide deeper insights into the world around us. While action movies can be entertaining, I prefer movies that prioritize storytelling and character development."
310,ISTJ,book,"I prefer books over any other forms of entertainment. They provide a sense of control and order, which is satisfying for my personality type. Reading is an escape from the chaos of the outside world, and it allows me to gain knowledge and insights that I can't get elsewhere."
311,ISTJ,book,"When it comes to reading, I prefer practical books that will teach me something useful. I enjoy learning new skills and expanding my knowledge base. Fiction books are not really my thing, but I appreciate the benefits of escapism that they provide for other personalities."
312,ISTJ,movies,"I don't watch movies very often, but when I do, I prefer action or thriller movies with a clear plot and resolution. I don't like movies that are too abstract or require too much interpretation. Movies should be straightforward and provide clear entertainment value."
313,ISTJ,love,"Love is a complicated emotion that can be difficult to navigate. As an ISTJ, I am cautious with my feelings and tend to take a practical approach to relationships. I believe that love should be built on a solid foundation of trust, reliability, and mutual respect."
314,ISTJ,movies,"When it comes to movies, I prefer an organized plot over abstract cinematography. Movies should have a clear beginning, middle, and end. I also appreciate movies that have a message or moral lesson. I tend to avoid movies with excessive violence or sexual content."
315,ISTJ,movies,"I tend to approach movies with a critical eye, picking apart the plot and analyzing the character's actions. I appreciate movies that are thought-provoking and encourage me to think deeply about the world. I also enjoy watching movies that challenge my beliefs and perspectives."
316,ISTJ,book,"As an ISTJ, I tend to be very detail-oriented and analytical when it comes to reading books. I like to take notes and create summaries of important information. I enjoy books that challenge my thinking and provide valuable insights that I can apply in my life."
317,ISTJ,movies,"When it comes to movies, I tend to be skeptical of hyped-up blockbusters and prefer to wait for recommendations from trusted sources. I like movies that are well-made and have a clear narrative structure, and I often find myself analyzing the plot and characters long after the movie is over."
318,ISTJ,depression,"As an ISTJ, I can be prone to feelings of depression when things don't go according to plan or when I feel out of control. I try to manage my emotions by mapping out a plan of action and taking small, practical steps to address the underlying issue."
319,ISTJ,book,"When it comes to reading, I enjoy books that have a clear structure and provide actionable insights. I find it difficult to stay engaged with books that are overly academic or abstract. I prefer books that are easy to read and provide valuable knowledge in a practical way."
